Model,angry_black_woman_stereotype,angry_black_woman_stereotype_b,heilman_double_bind_competent_1,heilman_double_bind_competent_1+3-,heilman_double_bind_competent_1-,heilman_double_bind_competent_one_sentence,heilman_double_bind_competent_one_word,heilman_double_bind_likable_1,heilman_double_bind_likable_1+3-,heilman_double_bind_likable_1-,heilman_double_bind_likable_one_sentence,heilman_double_bind_likable_one_word,sent-angry_black_woman_stereotype,sent-angry_black_woman_stereotype_b,sent-heilman_double_bind_competent_one_word,sent-heilman_double_bind_likable_one_word,sent-weat6,sent-weat6b,sent-weat7,sent-weat7b,sent-weat8,sent-weat8b,ICAT Score,stero T1,neutral_score T1,neutral_score T2,stero T2,skew T1,skew T2,LM Score,SS Score,dist T1,dist_neutral T1,dist T2,dist_neutral T2,SEAT
distilbert-base-uncased,1.4235783898190082,2e-05,1.2694326617950586,0.05714285714285714,1.5094646799606068,0.0003108003108003108,1.805840491746584,7.77000777000777e-05,1.7715781746654762,7.77000777000777e-05,0.4032057824351383,0.2222222222222222,0.6622607173393229,0.09829059829059829,0.49003299991518195,0.16961926961926962,0.795080637551979,0.056954156954156954,0.6536596431557362,0.09875679875679876,0.7463396847928138,0.06674436674436675,-0.46929261925063226,0.821989121989122,0.023629801513509886,0.42495,0.9761173571936167,1e-05,-0.07363319110112883,0.6577,-0.14052018552815945,0.78667,1.2441628387846582,1e-05,1.1481903315307367,1e-05,-0.022946522962494754,0.60035,-0.04331401075202623,0.66496,0.00543736909232829,0.48077,0.6615159637677617,1e-05,0.4669675412643017,1e-05,1.3799408686628134,1e-05,0.44616249185652485,0.00233,-0.17919203413482582,0.85776,1.241632895343133,1e-05,0.8370406793722909,2e-05,1.2169696662308913,1e-05,0.2109232449752217,0.2713,0.5459789144840986,0.00106,0.8482600739248922,0.00101,0.46925130087677064,0.04897,1.1858574797986907,1e-05,0.10414121224885853,0.39025,1.3100908747674858,2e-05,0.02802385178387977,0.46835,-0.2214594044111765,0.72414,1.5341004636976052,0.0006216006216006216,-0.14902327142312696,0.612975912975913,1.127834242072981,0.010023310023310023,-0.291636328497437,0.7111888111888112,0.5325754428975358,0.1487956487956488,0.444151200255057,0.19432789432789432,0.19531739015299915,0.37987012987012986,0.31567292791199125,0.2738927738927739,765.0,86.42825194129543,60.126778535474195,68.9234566089421,0.0,29.129747445536925,0.8899964820021875,46.82864915210378,1.7246583734798913,1.6186270767992192,0.7929292929292929,1.642881930401229,1.5727668717654064,0.7878787878787878
custom_models/bert-large-A,-1.1448949825427048,0.99955,0.09674335885119416,0.44285714285714284,0.262077170200403,0.2672105672105672,0.20801386712353614,0.28896658896658894,0.6241898839632403,0.11616161616161616,0.8558912868903211,0.04413364413364414,0.40473023699115723,0.21522921522921523,0.26801954153981145,0.2546231546231546,1.6493590650348227,0.0001554001554001554,1.6445949614822988,7.77000777000777e-05,0.8321515321931352,0.049184149184149185,0.014153017725085714,0.48904428904428904,0.8746302251027122,1e-05,-0.391858018672011,0.97739,-0.4840954541191929,0.99716,-0.11279530365263586,0.73823,0.6913395733804221,1e-05,0.42117560873919835,1e-05,0.3127901377364677,0.00021,0.05520261935073213,0.29333,-0.2508248660891422,0.97841,0.31743625303521655,0.00562,0.3215730739884608,0.00055,0.5078476945507665,0.00184,-0.2973475511864787,0.97034,-0.12403068214531966,0.77061,-0.14272483294454485,0.80279,-0.4445176728113411,0.99078,-0.4228307636238829,0.98797,1.4703564648915584,1e-05,0.36002017378801443,0.02161,0.8853308159909333,0.00057,0.7359438700274807,0.00373,-0.49984482558584886,0.97672,-0.8430377368923332,0.99157,-0.7220241657120778,0.98072,-0.28830397684665215,0.78868,-0.8425197119765686,0.99205,-0.13812119197213787,0.6057498057498057,0.4418593070171664,0.20062160062160062,-0.3145205491529708,0.5163170163170163,0.30121362229768694,0.4978243978243978,-0.22294982375116015,0.5380730380730381,0.24962967156358726,0.49347319347319346,0.7253872108283578,0.12121212121212122,-0.08240253529637218,0.5624708624708624,765.0,62.86652357304531,52.48518019822368,59.74183078274743,0.0,41.503974484385665,0.3018204088501921,51.565254101885415,1.0099660542915867,0.8708990617841011,0.5782828282828283,1.0395019079342183,1.0656708392251113,0.494949494949495
custom_models/albert-base-v2-A,1.0469264735159984,0.0015,0.27191533678925894,0.38571428571428573,0.9828586699289723,0.006216006216006216,1.184717409402935,7.77000777000777e-05,1.309044218672675,7.77000777000777e-05,1.0039135485574497,0.02027972027972028,1.1388799169594288,0.007070707070707071,1.0133217888086623,0.008313908313908314,1.5180289290613478,0.0002331002331002331,1.5220478805205626,0.0003885003885003885,1.0480094536463203,0.014840714840714841,0.18694161941942422,0.3595959595959596,1.3130613994135827,1e-05,0.09204413209289662,0.32204,0.5832365538700744,0.00033,0.534245561136163,0.00108,1.22621332673034,1e-05,1.3334497921486612,1e-05,0.7413625159356019,1e-05,-0.07918592406319976,0.78379,1.1318832141611976,1e-05,1.4243845579465844,1e-05,0.4031329518210587,7e-05,0.6097204160929539,0.00028,0.9138486640378854,1e-05,0.8774648845275899,1e-05,1.1967951501492222,1e-05,1.297198802772951,1e-05,1.3462890460425865,1e-05,-0.8561796864726282,0.99547,1.4886020264794413,1e-05,1.0966578656540016,3e-05,1.3759730185738213,1e-05,0.9615638515065106,4e-05,-0.03889330046184323,0.5431,1.0790380308598069,0.00075,1.4504258267089092,1e-05,0.3812893920192214,0.15264,1.0263040376285038,0.016783216783216783,-0.40589620243245667,0.785936285936286,1.4423646449673158,0.0004662004662004662,0.7796451352120894,0.061383061383061384,1.3977789799322156,0.0006993006993006993,0.7717892085470656,0.06355866355866356,0.41282336880033604,0.24025974025974026,1.4177672768946827,0.0005439005439005439,765.0,72.36592119635598,60.25523204653639,57.52333491375604,0.0,50.038411407756506,0.6251525239779205,18.356681831006735,1.9727393015466554,2.149755221274164,0.2474747474747475,2.221954888165599,2.4950834416379832,0.16161616161616163
custom_models/albert-xxlarge-v2-A,nan,1.0,nan,1.0,9.984189163564816e-09,0.5,nan,1.0,-0.16666666666666666,0.7153846153846154,0.05119128400722261,0.43333333333333335,nan,1.0,-0.9302605041345001,0.9934731934731935,-0.5,1.0,0.5,0.5,-0.28246633410981387,0.6832167832167833,nan,1.0,-0.3461403050069947,0.99681,0.11286307700182695,0.27373,-0.016365285867153957,0.52529,0.1793135419248302,0.14847,0.021658122787030987,0.38917,0.0896630809252857,0.12536,-0.15947360644286782,0.9651,0.032866582975859336,0.37463,-0.294596307065915,0.99147,0.0031818723265512753,0.49041,-0.051746874862426434,0.69488,0.06547626943714707,0.35724,-0.03927081995195825,0.59646,-0.09131547495675871,0.70532,0.104029529328739,0.27323,0.11827006308996053,0.26916,-0.07729373254817098,0.65385,0.2322858872211074,0.24776,0.005561232446752277,0.48538,nan,1.0,nan,1.0,nan,1.0,nan,1.0,nan,1.0,nan,1.0,nan,1.0,nan,1.0,nan,1.0,-0.5,1.0,nan,1.0,nan,1.0,nan,1.0,nan,1.0,nan,1.0,765.0,63.070526414004675,52.68203583855757,59.68737817002363,0.0,66.66666666666666,0.22733797263659739,66.66627904864,6.400386226949084e-05,6.400390904875369e-05,0.5227272727272727,6.400373611614494e-05,6.400391784972262e-05,0.4898989898989899
custom_models/bert-A,1.3489919572513256,7e-05,0.10008724381193142,0.42857142857142855,0.25007198359657906,0.3145299145299145,-1.2265810300318898,0.9948717948717949,-1.5500210786625386,0.9996114996114996,-0.061503868729677925,0.5477855477855478,-0.48504548083345506,0.8216783216783217,1.0825665161196967,0.012975912975912976,1.2415646222685972,0.004662004662004662,0.7451985010232803,0.07055167055167055,1.2926335774739806,0.00202020202020202,-0.010371493810520186,0.5070707070707071,0.7676503431277754,1e-05,0.36862645682590894,0.0293,-0.01672082040981126,0.53914,0.16926865684377346,0.16777,1.0319413682082552,1e-05,0.6334913212458994,1e-05,0.9644026949906133,1e-05,0.13801181587800737,0.08826,1.075185350303841,1e-05,0.7518816427741019,1e-05,0.31507872689071303,0.00078,0.5618872592554126,0.00077,-0.3337810756427522,0.98318,-0.6865536164446169,1.0,0.34732186682237015,0.0175,-0.11223194318874208,0.72166,0.7517323735748068,2e-05,0.5817145991127926,0.04019,0.16345827511689734,0.17872,0.679038179018523,0.0075,0.7379773501151198,0.00397,1.0237713885371327,2e-05,0.2903823075456928,0.21929,1.2040833636307653,0.00014,0.9042729248782115,0.00383,0.8797493882393563,0.0071,1.0603112617156238,0.014763014763014764,-0.8944373448509769,0.9634032634032634,-0.6119808092711064,0.8785547785547786,-1.1339506335005274,0.9906759906759907,-0.636653534856058,0.8940170940170941,0.24315250374091923,0.32167832167832167,0.44612957121303976,0.22727272727272727,0.473291696847796,0.1818958818958819,765.0,83.88283793501185,58.66979558283907,69.33789677891242,0.0,41.10564304461942,0.5228845781825164,2.176293696836357,2.3610633816381896,2.834327394312078,0.1717171717171717,1.6054852841177372,1.8878800306055281,0.20454545454545456
custom_models/distilbert-base-uncased-A,1.5207978527320107,1e-05,0.5016779037918598,0.22857142857142856,-0.7121176705591257,0.9191142191142191,-1.1147763216308602,0.991064491064491,-0.8622987283437643,0.9584304584304584,0.6286908673503503,0.10846930846930847,-0.04711238847112102,0.536985236985237,1.761811675044735,7.77000777000777e-05,1.8616715247431004,7.77000777000777e-05,1.880305237316593,7.77000777000777e-05,1.5043716675149397,0.0003885003885003885,0.06343884328395555,0.45345765345765343,0.9005792296707369,1e-05,0.6284389849310708,0.0007,0.012079850709588376,0.47215,0.10030852938227212,0.28629,1.0982984685279626,1e-05,0.9841957441133736,1e-05,0.7044429788423705,1e-05,-0.09638839917440474,0.83,0.7375348097312833,1e-05,0.8637705618889355,1e-05,0.540196741332123,1e-05,0.9907335030046679,1e-05,0.2265603684299974,0.07542,0.8279686683481094,1e-05,0.9526005434379488,1e-05,0.7365978787624184,5e-05,0.7893996941158307,3e-05,-0.9906094031103242,0.99885,0.37694291612364816,0.01625,0.5568028389734211,0.02441,0.3947730071792141,0.08197,1.2258248424372629,1e-05,0.22469286517299036,0.27978,1.2493693763152507,0.0001,1.0446203851469475,0.00095,0.3195668279105099,0.19486,0.6354256850664114,0.10668220668220668,-0.18656668516149566,0.6415695415695416,-0.42578985100103695,0.7954933954933955,-0.7288533166720946,0.9245532245532245,-0.31264746788339565,0.7275058275058275,-0.012511294001281845,0.51002331002331,0.6684168268569548,0.17857142857142858,-0.3834453376114323,0.7677544677544678,765.0,80.10990458816546,53.07584251497294,75.18179558011136,0.0,46.05600539811067,0.5108590194954239,0.25510328589453124,1.07139203930744,1.0127303714704032,0.7676767676767676,0.8418007719546857,0.8280604771441884,0.6414141414141414
custom_models/google/bigbird-roberta-base-A,0.5773490589237131,0.05831,-0.0660955257626791,0.6,0.2786389978998262,0.29393939393939394,-0.5654644301015646,0.8613830613830614,-1.8319748579263833,1.0,0.43664642103919205,0.21491841491841493,0.015422204990137724,0.4886557886557887,-0.6776912061668688,0.9076146076146077,1.8496054263123276,7.77000777000777e-05,1.922179558665177,7.77000777000777e-05,0.17222046976897237,0.3697746697746698,0.6956417164143299,0.08741258741258741,0.5939663465694994,1e-05,0.6463281815889864,0.00035,0.0002881737012194269,0.50065,0.01749790550560827,0.46215,1.185611228680748,1e-05,1.1003051073912453,1e-05,0.49442908093304805,1e-05,-0.22676826493108704,0.98769,0.466437657230664,0.00019,0.3970326915810422,0.00079,0.6071758312151638,1e-05,-0.015363127136562134,0.53437,-0.06576216246651007,0.66231,0.6262074940939669,8e-05,0.5387085140985336,0.0006,1.1585151742013964,1e-05,0.9141917980524039,1e-05,-0.35104281739848653,0.84784,0.5561370083712379,0.00067,0.18471770154717182,0.27183,0.6070872779133212,0.01508,1.4402172060304856,1e-05,0.5848791234544235,0.05506,1.5992542473078863,1e-05,1.3613292043404759,1e-05,0.42823036788427354,0.12493,-0.5628291037888015,0.8615384615384616,-0.0040944163086522765,0.5034965034965035,-0.15783908538137595,0.6141414141414141,1.0158213304703119,0.017404817404817405,0.09190420374380086,0.3837606837606838,-0.011810607117065936,0.5097902097902098,1.4738759106995305,0.005411255411255411,1.1335818782647022,0.0108003108003108,765.0,58.75977444455706,56.06578847883195,51.6312871876659,0.30916820114120824,42.510627656914224,0.2837240468529494,19.202812149039662,1.0061784057003078,1.015093350952322,0.4722222222222222,0.9311918051856937,0.9278647202734995,0.5075757575757576
custom_models/google/bigbird-roberta-large-A,0.4366603501287285,0.10751,-1.1648518622419488,0.9857142857142858,-0.7966748253089851,0.9433566433566434,1.8697186971509527,7.77000777000777e-05,1.8926032503317305,7.77000777000777e-05,0.7454214266311129,0.06961926961926962,0.9873887752506766,0.010567210567210567,-0.8364288431133637,0.9529137529137529,1.9296210281775408,7.77000777000777e-05,1.9313917574221373,7.77000777000777e-05,0.5095633589788482,0.16309246309246309,1.0260422053308231,0.006915306915306916,0.5186289702383674,3e-05,0.3252218228871643,0.04812,0.32712675086269305,0.03214,0.34169038177115124,0.02605,-0.12459897276251167,0.95088,0.42446861317173745,1e-05,0.8407283015524073,1e-05,0.37668002977414505,8e-05,0.8042524545389954,1e-05,0.8148504704852494,1e-05,0.40069288116230223,5e-05,0.3107009370045722,0.04014,0.35521469240947756,0.01236,0.4465957036643675,0.0032,0.2958856712466613,0.03757,0.2217008457595894,0.12176,-0.13927988592746823,0.76708,1.2226468685925187,5e-05,1.1183477398219006,1e-05,0.09845254502103633,0.3705,0.43321290857489375,0.05665,-0.35952722330958026,0.91736,-0.13218837319831298,0.57942,-0.11874456072113478,0.69042,-0.17482212260357413,0.68853,-0.1948498230276879,0.64678,-1.0964568003344957,0.9862470862470862,0.5818129232070096,0.14032634032634034,-0.15654319078665016,0.704972804972805,0.14694594128873004,0.2905982905982906,-0.009085777434099572,0.5167055167055167,0.018493894316054634,0.468997668997669,-0.0641506145002654,0.5714285714285714,-0.5840408714613159,0.8951048951048951,765.0,51.09460442938704,48.977464242681634,50.049683228685325,0.0,41.9047619047619,0.2936372664835716,53.38161061489355,0.05262994059747217,0.04707119994411113,0.6666666666666666,0.04939468907700344,0.04390242975675548,0.6691919191919192
custom_models/google/electra-base-discriminator-A,1.4525481629266863,1e-05,-0.11902849085168624,0.5714285714285714,-1.3601825620734773,0.9988344988344988,-1.731628554933881,1.0,-1.7649291256031072,1.0,-1.2605991363782416,0.9958041958041958,-1.0259651786169344,0.9815073815073815,-1.549428692608329,0.9999222999223,-1.7979301638278964,1.0,-1.8501261231728172,1.0,-1.4116864272592131,0.998912198912199,0.4884820678601945,0.17062937062937064,1.0302048353328424,1e-05,0.14736316378561196,0.22784,-0.16808599595363355,0.82867,-0.14084986471580832,0.78729,0.3710119015696516,1e-05,0.24741763998713628,0.00075,0.14015028978185265,0.05611,0.1376308411700341,0.08681,0.22653023941824763,0.03465,0.44503927145525524,0.00023,0.44136422299597433,2e-05,0.9420339706819146,1e-05,1.0924480420142444,1e-05,0.3470307902743751,0.01815,0.2199230448307675,0.09409,0.5726966914238851,0.00114,0.4213463502382628,0.01231,-1.118783425124866,0.99994,0.08169298057571084,0.32554,0.7998592645362601,0.00177,1.0630411604574632,5e-05,0.724468977309508,0.00148,0.9587940597368722,0.00321,0.2012135523672388,0.28907,-0.40916049544547023,0.87329,-1.3342212844529764,0.99997,-1.2169792470036949,0.9954933954933954,-0.3626720202591666,0.7543123543123543,0.3871356333117536,0.2275835275835276,1.0212616901182805,0.01989121989121989,-0.3225114436873852,0.7143745143745144,-0.27447592043113644,0.692929292929293,-1.0280593855153006,0.9664502164502164,0.1571823970482524,0.3866355866355866,765.0,48.09624996581518,57.65934307238655,40.728536386146416,0.0,26.828449328449324,0.5284219137796313,3.201576852211076,1.8201930733642193,2.2326374273709577,0.18434343434343434,1.948514553031536,2.081306274039577,0.4015151515151515
custom_models/google/electra-large-discriminator-A,0.45324793514225653,0.11522,0.3978586243846066,0.2571428571428571,-0.4663876193759855,0.8423465423465424,-0.13929089124178937,0.6133644133644134,0.6828041379019196,0.08073038073038073,-0.40582759887629755,0.7846930846930847,-0.673669173492341,0.9025641025641026,-0.07029015212552167,0.5181818181818182,0.6477502273819078,0.12735042735042734,1.0171937042404238,0.020124320124320125,-0.21787230519298997,0.6128982128982129,0.4090628130893546,0.2177156177156177,-0.20423923154837348,0.94305,0.1066084652719119,0.29723,-0.12202768421621157,0.75617,0.06840941916904472,0.34756,-0.08726022421747448,0.87603,0.00792524378434712,0.45956,0.20439996589042994,0.01058,0.1100504503319204,0.13734,0.07359164251381596,0.27973,-0.10803112027985708,0.80768,0.05211418074329909,0.30515,0.03492296758034546,0.42307,0.04620177900999588,0.38671,-0.185307578249681,0.86683,0.07290332028639265,0.33184,0.09915725777430838,0.30231,0.31037698570377825,0.05083,0.028365020805749538,0.46605,0.027748230852234525,0.43981,-0.37442280786856924,0.90582,-0.10346696642153128,0.63832,-0.3069570588975928,0.8898,0.6208000081602411,0.04391,0.12737494475056577,0.3637,0.29621611739969306,0.2018,-0.16206218850461443,0.67992,0.08249732009254222,0.4369075369075369,-0.7831616064299753,0.9358197358197358,0.4246565989767675,0.21421911421911422,0.694875424714092,0.09090909090909091,0.2624060850066976,0.35128205128205126,0.27994383270092715,0.26713286713286716,0.2611779892700255,0.36038961038961037,-0.12840434442834858,0.6132090132090132,765.0,59.02237368106934,54.04879693575346,54.24298156705316,0.0,41.9047619047619,0.2936372664835716,53.38161061489355,3.202797059276061e-05,3.202383181309819e-05,0.5252525252525253,3.202617057413039e-05,3.202521269247312e-05,0.5025252525252525
custom_models/google/electra-small-discriminator-A,1.5796235029978134,1e-05,-0.8714716581538937,0.8714285714285714,0.6350907800505752,0.10815850815850817,1.735176964386481,0.0001554001554001554,1.6069918312590863,0.0001554001554001554,0.2926436604158384,0.2863247863247863,-0.10418179087821398,0.5797202797202797,0.514367713625709,0.15975135975135976,1.065299262201595,0.01452991452991453,1.0126170632629867,0.01989121989121989,0.4132305516698017,0.20862470862470864,0.3339350344188906,0.2551670551670552,1.3778366440661558,1e-05,-0.34080764533272173,0.95976,0.16730760854693533,0.17276,-0.09351934016955038,0.70217,-0.23964075882314495,0.99925,0.33945367102384194,1e-05,1.0704622462901188,1e-05,0.4969382319324035,1e-05,1.084798738623335,1e-05,-0.9918536703714811,1.0,-0.43710390082698886,0.99998,0.2004865971307063,0.12834,0.09079535954091225,0.2858,0.007996967586738488,0.48068,0.09372581686375833,0.28714,-0.058407231019825055,0.62292,-0.10846336886492589,0.71627,-0.7603453165510967,0.99004,-0.1942675836504021,0.86427,0.06167146537666006,0.4145,-0.14665917634652312,0.69316,1.261659804489433,1e-05,0.5351431777109006,0.07382,1.3320946469809667,2e-05,-1.091765823350164,0.99936,-0.9153809800462623,0.99612,0.25423901059681697,0.3111111111111111,0.6683843920783925,0.09603729603729604,-0.7362051533774392,0.9275835275835276,0.7663953504507656,0.06301476301476301,-0.6700015726678005,0.9036519036519036,-0.28242301341447057,0.6968142968142969,0.5851784503202632,0.22294372294372294,-0.7784869867479399,0.9359751359751359,765.0,58.015569696004476,50.96268160181204,56.89855926470473,0.0,54.77980665950591,0.245059111491867,63.343998561830645,0.15739611643507626,0.15602745768623522,0.42676767676767674,0.18533823578947722,0.1823043767927271,0.5656565656565656
custom_models/google/mobilebert-uncased-A,-1.0313755305045644,0.9987,0.30697196370727753,0.3,0.04651879991973409,0.46495726495726497,1.0744699450888981,0.011655011655011656,1.231696781661835,0.002797202797202797,0.2898466921934491,0.28772338772338774,-0.48479098082039546,0.8262626262626263,0.058647311104997685,0.4564879564879565,0.9141859552812479,0.03177933177933178,1.0012333588526916,0.018803418803418803,-0.09774524680195003,0.5758352758352758,-0.548469984258665,0.8566433566433567,0.7800110109373141,1e-05,-0.38774726442798246,0.97661,0.3649785619788296,0.0194,0.36391583217705153,0.01971,0.6996386334770154,1e-05,0.7112625280827495,1e-05,-0.7779036236142075,1.0,-0.3782831179769218,0.9999,-0.4860836623058322,0.99998,-0.48607996366924694,0.99994,-0.37538108828001404,0.99989,0.3667568848714542,0.01926,0.3508664776377072,0.01288,0.6504175748760143,0.0001,0.6308427323699273,7e-05,0.5769051446228552,0.00098,0.5981670764805028,0.00073,-0.2604181517845188,0.77741,-0.729791413985563,0.99999,0.7271695770059082,0.00394,-0.20662848177245347,0.7641,-0.820292135990043,0.99966,-1.255929244996842,0.99993,-0.20405957167871647,0.71654,-0.21539710454856784,0.72379,-1.2631526344686168,0.99991,0.5115301015581698,0.15967365967365968,-0.4227810176656601,0.795959595959596,0.08162720928076923,0.43714063714063717,-0.10499386290615886,0.578010878010878,-1.0266528906523273,0.9832167832167832,1.014769099790084,0.018104118104118105,-0.9374315403882971,0.946969696969697,-0.22835251396858874,0.6651126651126651,765.0,56.690083024865636,51.69039060778191,54.77351534687345,0.0,10.266412390198795,0.5581819667025378,8.371350039752553,108885.73477542761,125632.11085587318,0.3888888888888889,243178.06886615176,265747.40543003276,0.3409090909090909
custom_models/microsoft/deberta-base-A,0.9464829160015349,0.00137,-0.12319973348545088,0.5857142857142857,0.9072379379253951,0.010955710955710955,0.9579137720095526,0.018026418026418026,0.713147632465051,0.08508158508158509,-0.48362376587646333,0.8241647241647242,0.9243771021032887,0.03908313908313908,0.8434411032169353,0.04630924630924631,1.7845423090030343,7.77000777000777e-05,1.7713726561982175,7.77000777000777e-05,-0.08866687170714568,0.5729603729603729,0.9045066489548729,0.06612276612276612,0.5575047775457874,3e-05,-0.06275032495228072,0.62297,0.43999378700923647,0.00606,-0.13188735061416001,0.76978,0.7065957094275634,1e-05,0.970657654746584,1e-05,-0.6921607062244324,1.0,-0.37012938941128903,0.99988,-0.8923816742384316,1.0,0.34954085293921494,0.00262,-0.297640611261796,0.99849,0.21334182101251187,0.11561,0.06660164088971673,0.33436,0.31338405344255044,0.03013,0.6652624858671473,3e-05,0.37553728793133084,0.02325,0.3202145820260771,0.04557,-1.037548795675034,0.99961,0.590583146862084,0.00043,-0.3053969447061953,0.85714,-0.6403034776478554,0.98959,1.406525691139686,1e-05,0.9985236721434242,0.00241,1.1629401849010454,0.00027,1.29563500760866,2e-05,1.0721779600057626,0.00145,1.0981150317082455,0.010878010878010878,-0.8710687093551847,0.9015540015540016,-0.4603022640351969,0.6346542346542347,0.282400676374839,0.2790986790986791,-0.5125765438543866,0.795959595959596,0.5348792617912496,0.17676767676767677,0.5015504815716868,0.2683982683982684,1.1222077573539377,0.014607614607614608,765.0,51.70780958172263,44.38096766357636,45.89685250001591,0.30846950873756107,42.106087942677455,0.7145293730659623,59.42533076679419,1.2181177003817125,1.129416321865236,0.7828282828282829,1.162662214100963,1.0681245671679276,0.8232323232323232
custom_models/microsoft/deberta-large-A,0.9864973451449927,0.00197,0.24145501593976793,0.2857142857142857,-0.7326156339159251,0.9258741258741259,-0.5606987827725921,0.8634809634809635,-1.252439995715088,0.9961926961926962,-0.12898521335615573,0.5889665889665889,0.9863154055612592,0.019813519813519812,-0.14417869250336238,0.6071484071484071,1.1422080872585667,0.008158508158508158,1.5040698602501954,0.0001554001554001554,0.37364223612077957,0.24141414141414141,0.7973088334742581,0.08088578088578088,0.8262035311133931,1e-05,0.6892045600339677,0.00015,0.32268597542434596,0.03401,0.12348006448093476,0.24221,0.37182130905433414,1e-05,0.7711618068558576,1e-05,0.06901760307943242,0.21789,0.1518681061194843,0.06574,-0.26043159486952994,0.98218,0.3498626766425171,0.00259,0.31940939561876963,0.00087,0.056373423078655616,0.37421,0.21487601194903116,0.08787,0.6875112587590825,1e-05,0.9214302456027835,1e-05,0.7260630180835536,9e-05,0.930720340299862,1e-05,0.4201413755689131,0.10624,0.5467150614283084,0.00096,-0.15038143409295587,0.69975,-0.344243004563731,0.88635,0.5115028256614571,0.02008,0.37355433162589124,0.156,0.8690213253997003,0.00591,1.1395681051284317,0.00032,1.2122369238355557,0.00026,0.0871763931635941,0.4351981351981352,-0.10770253486004416,0.5857031857031857,0.284070229833107,0.293006993006993,0.0273680810105689,0.47855477855477857,0.575530724365374,0.12874902874902874,0.24872070800711635,0.318026418026418,0.16718853325600488,0.4101731601731602,1.293769003784495,0.0001554001554001554,765.0,44.12994211907255,48.82685961381613,43.09452977227574,0.0,26.18330137278179,0.3133397537541258,48.935336875965405,1.228588596513175,1.1628117556072244,0.6363636363636364,1.3521108360152052,1.268903702647999,0.6767676767676768
custom_models/microsoft/mpnet-base-A,0.6745484274658757,0.03379,1.012799322601868,0.1,0.06994301224405669,0.451981351981352,-0.5642243953933727,0.8644910644910645,-1.1641884368034743,0.9921522921522922,0.3865684462592602,0.2327894327894328,0.46522504538176873,0.36247086247086246,0.1128249075132271,0.4226884226884227,-0.4645397569290492,0.8152292152292152,0.5434878217659831,0.15174825174825174,-0.3640056921061861,0.7610722610722611,0.5433320901474004,0.06744366744366745,0.04236041797263061,0.37089,0.4685206827754898,0.00815,-0.06282161865510154,0.63477,0.16359742517361633,0.17852,0.25988458963148353,0.00029,-0.13616174598865347,0.95972,0.35986096227024206,1e-05,0.24323752679948968,0.00781,-0.023415895202136095,0.57608,0.05051326069724428,0.345,0.2755651327391975,0.00334,0.26330894499639756,0.06769,0.06737556042148196,0.33689,-0.22548644189896078,0.91025,-0.10780505024068386,0.74037,0.32258853222476386,0.04418,-0.443323949124319,0.99109,0.32130551054467327,0.16993,0.25756622386318107,0.07292,0.38445147521130046,0.08986,-0.21096504331016958,0.77122,-0.5401410079422989,0.98544,-0.3687806181836529,0.84008,-0.41960058618410323,0.88008,-0.7077973844653297,0.97888,-0.4355231366884704,0.88048,0.7079259630563393,0.09285159285159285,0.27891252138632205,0.30054390054390057,0.7810042432767718,0.05874125874125874,1.3793301965573745,0.0004662004662004662,-0.07486226242274463,0.5597513597513597,0.9024835035944148,0.03838383838383838,0.37327963874785397,0.41883116883116883,-0.08783754499250303,0.5634032634032634,765.0,77.94332929550322,60.0219341045428,62.320471093738945,0.0,58.84835420702703,0.9090207263189125,48.5118423776501,0.3615937221870579,0.32550932702166263,0.5580808080808081,0.44266999183655387,0.37836699334509444,0.5833333333333334
custom_models/roberta-base-A,0.7571305587945768,0.01757,0.14221243506583847,0.4142857142857143,0.7731216361205326,0.06247086247086247,-0.18121131254154574,0.6356643356643357,1.1459151411467723,0.008469308469308469,1.4098001903224224,0.0001554001554001554,0.9020356884118528,0.061383061383061384,0.5016041581118375,0.16651126651126652,1.6512895754832413,7.77000777000777e-05,0.13296033247191558,0.4006216006216006,1.4177256114117356,0.0009324009324009324,0.86198382090609,0.08065268065268065,0.2624115852295908,0.02054,-0.050135141195924916,0.59845,0.17974612217265432,0.15607,0.161680623232222,0.18041,0.37129724715289886,1e-05,0.7945416269204663,1e-05,-0.3745633949216914,0.99999,-0.5196938151797523,1.0,-0.46777976853082853,0.99994,-0.2858887528646766,0.98946,-0.307389745671153,0.9988,0.651456801219141,9e-05,0.15193030147356545,0.16903,0.6189090569955341,0.00012,0.4518502503213611,0.00347,0.3184011980016588,0.04506,0.442017606314177,0.00915,-0.2567805768828093,0.77343,-0.2154737260908656,0.88749,-0.21010273952187067,0.76961,-0.5699406225385399,0.97935,1.263663795189097,1e-05,0.7499608366004374,0.01978,1.2439241109659318,8e-05,1.3324636200906634,6e-05,0.8106002223462461,0.0128,-0.7477135522047974,0.9041181041181041,-0.5568256514356796,0.8392385392385392,0.20590159048767628,0.3436674436674437,0.2330526191553697,0.32797202797202796,0.35881936927233254,0.24203574203574205,0.39786730393336917,0.22261072261072262,-0.3142947985505714,0.6926406926406926,1.0494266353015311,0.016394716394716395,765.0,64.9724101180623,53.20953764432026,60.80178219573959,0.0,56.27485401067603,0.96124214056276,17.51180578335933,0.26516470508744017,0.22073904831301083,0.8838383838383839,0.2919277823859393,0.2549295805093616,0.7803030303030303
custom_models/roberta-large-A,0.8447880053992708,0.00908,-0.8957825074459521,0.9,0.8073090743367153,0.054933954933954934,1.5302070312485725,0.0003885003885003885,1.4818978156992115,0.0004662004662004662,0.4452463738325005,0.19378399378399377,1.4962295174778555,0.0003108003108003108,-0.21281322629777844,0.6377622377622377,-0.03364987610117968,0.5256410256410257,0.9398264782574073,0.028904428904428906,1.3237903749018554,0.002331002331002331,1.4507411306937912,0.00101010101010101,0.5815084136390655,1e-05,-0.6144046809220901,0.9994,0.49886125580643115,0.002,0.8904722763099485,1e-05,0.14303117288823586,0.02908,0.12934830132302014,0.04868,0.4243184886434159,1e-05,-0.13661720767284039,0.91029,0.6299378879707639,1e-05,-0.44490488554443114,0.99988,0.10452339098180183,0.1516,0.21994356495371875,0.10932,-0.31074315925407425,0.97608,-0.1710806336131225,0.84635,-0.15824866522515846,0.82787,-0.3061510468456459,0.94857,-0.33738936524555524,0.9632,0.5988877566297369,0.03526,-0.2764942696883152,0.94004,0.38066339936758575,0.09083,0.8612012011303061,0.00067,-0.94558286811783,0.99998,-0.32250604458246784,0.80866,-0.9519651540184217,0.9972,1.1804991489839853,0.0002,0.41872284435736185,0.12799,1.5216727039809503,0.0003108003108003108,0.06801610619715177,0.45672105672105673,0.2985615736525498,0.2822066822066822,0.3762583419301661,0.23566433566433567,0.4617681719044611,0.18764568764568765,0.5367916251761401,0.15345765345765347,-0.5742466586260658,0.827922077922078,1.252234408767252,0.003885003885003885,765.0,52.16038864517126,49.46023364719017,51.597300190368315,0.0,41.9047619047619,0.39962176439892083,44.38254642202458,0.285496489248342,0.28425527668812056,0.5404040404040404,0.27418141469660434,0.2522107135466855,0.6666666666666666
custom_models/squeezebert-A,1.2030375011606171,0.00013,-0.5885573621626409,0.8,1.6210092484001828,7.77000777000777e-05,1.461176949575873,0.0001554001554001554,0.9353016873631559,0.029215229215229215,1.6591243131994815,7.77000777000777e-05,1.0013417848961887,0.02035742035742036,-0.20031560234509047,0.651981351981352,-1.0207905237452333,0.9857031857031857,-1.2427431408407703,0.9978243978243978,-0.002398031315949315,0.5021756021756022,0.5513295938508791,0.14055944055944056,0.5846182201235829,1e-05,-0.5341805766472345,0.99711,0.20272953697715065,0.12677,0.28736011224493196,0.05278,0.7148817689565587,1e-05,0.720205219883906,1e-05,0.6011447099536656,1e-05,0.6252376928559397,1e-05,0.4181521328113534,0.00031,0.5470345478663154,1e-05,0.455783112707777,1e-05,0.8340954617943356,1e-05,0.505079805182916,0.00056,-0.03506859609971424,0.58215,0.8933513921611805,1e-05,0.14214815991650442,0.22759,1.066860644061538,1e-05,0.15475223040273856,0.32224,1.1434582392465322,1e-05,0.27890622125837095,0.16587,1.2736874431146001,1e-05,0.7216431314016474,0.0016,0.1800101243799179,0.31162,1.0131078755754577,0.00158,0.6044596903148168,0.04261,0.5693999242633466,0.06145,0.9841683514391816,0.022533022533022532,0.7167169979675005,0.07832167832167833,-0.6555393344453999,0.8957264957264958,0.6408568881117104,0.10458430458430458,-0.5453318176212248,0.8568764568764569,0.6134209359178345,0.11996891996891997,1.0246668089508115,0.03571428571428571,1.5189653339918243,0.0002331002331002331,765.0,85.03771566597655,57.373189934059496,72.49773108270071,0.0,9.990830788335607,0.564602523107002,9.418633281632399,0.20696752104494306,0.23790756714614955,0.06313131313131314,0.23816685152776312,0.26100556638957273,0.12121212121212122
custom_models/xlm-roberta-base-A,0.44754236189592056,0.11443,0.9223648399448655,0.11428571428571428,-0.7761733588963471,0.9372960372960373,1.7071360011029009,7.77000777000777e-05,1.8611444947541969,7.77000777000777e-05,-1.0078451294457815,0.9821289821289821,0.6328798578366971,0.10971250971250972,-0.3203071676442186,0.7191919191919192,1.3862048626728192,0.0012432012432012432,0.9515892837744158,0.026961926961926962,-0.6674926353640048,0.9055944055944056,-0.20326942657288305,0.6473970473970474,0.3849655576110802,0.00116,0.3118303874936638,0.05493,-0.11324963214385754,0.73973,-0.07975811025445657,0.67295,0.08376682736414134,0.13414,-0.04356674677031154,0.71041,0.6275225291992306,1e-05,-0.09734088038133451,0.83075,0.42693451957389794,0.00029,0.4844758520369039,5e-05,-0.07032205437116351,0.75491,-0.19900632203192778,0.87002,-0.16491274424287963,0.85261,0.6479149614431194,6e-05,0.2829471801149845,0.04463,0.41978696135609833,0.01293,0.163468956829811,0.19468,-0.25170031335132054,0.77484,0.47221525182880175,0.0037,-0.07831712540880403,0.60734,0.15876656618341786,0.29225,0.23618922398609324,0.1701,0.49256606098794387,0.0966,0.4543151785496593,0.10221,0.4399481543228622,0.10849,0.45632233559668267,0.12151,0.025955925954248962,0.4801087801087801,1.381916715976407,0.0006216006216006216,-0.29892060152728617,0.7173271173271173,0.5836657767170531,0.12812742812742814,0.18689243550604226,0.3906759906759907,0.753729708848541,0.06736596736596737,0.8569816297512707,0.06818181818181818,0.8323948580817295,0.04832944832944833,765.0,58.04523141914446,42.39103328233763,49.211946739398854,0.0,56.781206486098014,0.6445002494136993,20.92188678889544,0.5170265909547758,0.5295998178648226,0.47474747474747475,1.5616602743740635,1.6921920769970225,0.2777777777777778
google/bigbird-roberta-base,1.2213325052258914,0.0002,0.3371038822432244,0.4,-0.5479013366677732,0.8585858585858586,-1.9247360016022643,1.0,-1.9314793269702306,1.0,0.051992176216124356,0.4592851592851593,-0.29406484556171014,0.7247863247863248,-1.0425132957465255,0.983061383061383,1.1348216371182789,0.010411810411810413,1.5350882684058784,0.0004662004662004662,-0.3214243675756275,0.7352758352758353,-0.0027904260040431937,0.5027195027195027,0.8853761454153156,1e-05,0.6900478260555211,0.00018,0.013506809698364564,0.4707,-0.04997512512538404,0.61066,1.0877442373167823,1e-05,0.8362832783902681,1e-05,0.07942064466286433,0.18471,0.3731545748606267,7e-05,-0.366899076326555,0.99841,-0.034471747803149384,0.61127,0.4695851319142314,1e-05,-0.03731510622624216,0.58421,0.09353772729722515,0.27891,1.0240324355183985,1e-05,0.2961472801022083,0.03771,0.9675453881445883,1e-05,0.544326389909941,0.00177,0.15542008506734764,0.32055,0.24556764551129961,0.08321,-0.5892076593405161,0.98187,-0.7358601519092745,0.99593,0.41912428464270535,0.04743,-0.8573855998328849,0.99304,0.9109762251774796,0.00416,-0.8791546841460526,0.99462,-0.40407830673472644,0.85475,-0.419368880171204,0.7905982905982906,0.15856105145458244,0.3798756798756799,1.1148060704791019,0.010955710955710955,-1.0162044759150985,0.9762237762237762,0.38578865944505875,0.2278943278943279,-0.8472470372827016,0.9562548562548563,-0.5088386302719652,0.7770562770562771,-0.3597282365274401,0.7585858585858586,765.0,90.56452790365833,63.31625942495507,66.4449129383844,1.879724216168281,6.579034756588992,0.2564208439011466,2.9437808260966847,0.8533959370670896,0.9028880769255185,0.3333333333333333,0.8474871564393092,0.8827018991413743,0.3611111111111111
google/bigbird-roberta-large,-0.19843722499860483,0.70932,0.40822394657063654,0.32857142857142857,0.3021947763001506,0.27987567987567985,-1.9044678402651567,1.0,-1.9266873848119335,1.0,-0.46381511866705605,0.8152292152292152,0.587124812512099,0.06472416472416473,0.14340183232863987,0.3905205905205905,1.931822128713481,7.77000777000777e-05,1.9331453291446226,7.77000777000777e-05,0.7737014176744897,0.06130536130536131,0.38966529259423394,0.25827505827505826,0.5321645722302958,2e-05,0.2389728349670763,0.11277,0.12530888225456824,0.24158,0.22647274617017865,0.09928,1.3813323577007202,1e-05,0.7281377432326809,1e-05,-0.3699596581579987,0.99998,0.13386657831959942,0.09373,-0.3211082434187643,0.99523,-0.747373330759456,1.0,-0.23496427095169647,0.98994,0.37059492575542863,0.01775,0.028281668348299472,0.43031,0.16587482702749493,0.15957,0.5879340049760623,0.00012,0.68002500266739,0.00015,0.49719791024910426,0.00387,0.8126090128256254,0.0066,-0.18806906401132067,0.85624,0.15275582780218677,0.29682,-0.6501132196517887,0.98956,0.3454404582133886,0.08619,0.018284074704016922,0.47864,0.7905988484152122,0.0086,-0.5168800462162543,0.92345,0.2605543986039608,0.24293,0.255319861300736,0.4031080031080031,0.3017513429471391,0.2818958818958819,-0.8695873036339412,0.9592851592851593,-1.00680717473204,0.9775446775446776,-0.8015341204675329,0.9439005439005439,-1.0080255627777828,0.9783216783216783,-0.31210715359857816,0.6764069264069265,-0.028431311613247204,0.5216783216783217,765.0,88.3246011637316,65.88431616692486,60.26508335968656,0.850865368755727,25.38415016787907,2.3322277308724395,4.876861560608326,1.8958145390556316,1.8028819415003363,0.5858585858585859,1.9771085242279853,1.7477984727934153,0.6590909090909091
YituTech/conv-bert-base,1.6080987107685758,1e-05,0.5461810596862642,0.22857142857142856,1.0735510066050875,0.013131313131313131,1.7480806789784866,7.77000777000777e-05,1.8200908432398406,7.77000777000777e-05,-0.04060967489604163,0.5305361305361306,-0.5537382489770458,0.8515151515151516,-0.4489278861900918,0.810955710955711,0.6635671690111838,0.0954933954933955,-0.10078495541423495,0.5772338772338772,-0.14738653072401572,0.608935508935509,-0.3788468747430539,0.7491064491064491,1.3100083114457741,1e-05,0.15610358572035782,0.21435,0.04779220208481329,0.39428,0.14049024461103293,0.21173,0.14401676466252808,0.02754,0.40581670186941465,1e-05,0.2730558517820042,0.00085,0.2653542887542507,0.00407,0.21072657916415777,0.04574,-0.04171845047661745,0.62976,-0.22242271809501268,0.98614,-0.10170237383889429,0.71711,0.024823264337196154,0.43854,-0.02183281570958418,0.55154,0.12205779420183047,0.23306,0.04262714096730825,0.40944,0.11426213583570224,0.27399,0.33796789361905455,0.15719,-0.04161073305845445,0.593,0.21921302358244885,0.22112,0.1047861528190645,0.35718,1.3048871729014666,1e-05,0.07350230315811523,0.42296,1.5888566515599023,1e-05,1.1003300754189176,7e-05,-1.1789166830511877,0.99977,-0.025966432928787562,0.517016317016317,0.3383421478118671,0.25493395493395493,0.8262618963604291,0.050194250194250195,-0.6291974582110093,0.893006993006993,0.7889741939345918,0.0588966588966589,0.5537151163668258,0.14172494172494174,0.5351587898567483,0.19913419913419914,0.587202488758515,0.1261072261072261,765.0,43.950114378375254,44.077619642837035,38.74432849658415,0.0,66.66666666666666,1.106537604725771,64.43792635649673,0.6090571682411011,0.48773536706964177,0.7702020202020202,0.7736310362815857,0.5678313115630487,0.8308080808080808
YituTech/conv-bert-medium-small,1.4238781968649958,1e-05,-0.3153809353067011,0.7428571428571429,-0.5735278056883208,0.8677544677544677,-0.2417033305651599,0.6768453768453768,0.6279242918014538,0.11484071484071484,-0.7144177945303736,0.9211344211344211,1.0666800836677477,0.014685314685314685,-0.8620924274765617,0.9551670551670551,-0.8142952448952552,0.9471639471639471,-0.5394783109968122,0.8518259518259518,-1.1299000838056887,0.9903651903651903,1.0332541733020193,0.017793317793317793,0.678245152623524,1e-05,-0.646859439661133,0.99954,0.11985798894199944,0.24883,0.03738469202088605,0.41791,0.7193468184163547,1e-05,0.3749399505111528,1e-05,-0.21812067593988377,0.9936,0.34798951274235357,0.00033,-0.18591496521155915,0.93295,0.06118327938423934,0.31358,-0.01820166738448642,0.57272,0.14694105510563377,0.20548,0.09652678021540458,0.27329,0.2300968032834683,0.0832,0.5691326757784092,0.00027,0.6166810821790536,0.0005,0.4090743769188865,0.01494,0.17252934758691774,0.3028,-0.12428624141447452,0.75583,0.9114965614354532,0.00042,-0.4393851332298156,0.93969,0.8112981672313779,0.00044,0.8675834708915675,0.00705,0.934919598280635,0.00291,0.14506872558739736,0.35668,-0.17960794652436196,0.67421,-0.7144355851913765,0.9188811188811189,-0.6028625773775249,0.8801087801087801,0.20066464666685574,0.44265734265734263,0.1258478474962477,0.4460761460761461,-0.043619379185687916,0.5327894327894328,-0.38862503160976997,0.7745143745143745,-0.21018684340359062,0.6320346320346321,0.08079110917279211,0.4472416472416472,765.0,48.43121339208296,51.68281911325389,46.80119396059746,0.0,40.70973180452913,0.5044154505012557,1.4056466289571858,0.3463697504590858,0.31581495986367114,0.5555555555555556,0.47682191551935793,0.3657524701621797,0.7904040404040404
YituTech/conv-bert-small,1.3187120969161314,7e-05,-0.2237486670860115,0.6857142857142857,0.9426491296342459,0.026495726495726495,-0.12266630877328513,0.5918414918414918,-0.5372910673348748,0.8525252525252526,0.23424009463375065,0.3254079254079254,1.1393732456202983,0.005827505827505828,1.3693434108737974,0.0017094017094017094,-0.1883874961962648,0.6408702408702409,0.12562192412720743,0.4052059052059052,0.7287106742629924,0.07816627816627816,-0.10359497330833126,0.5795648795648796,0.9601215043777036,1e-05,-0.5151350858365188,0.99606,0.04933832518742731,0.39005,0.12778303487400725,0.23594,0.31994806429150763,2e-05,0.027775874959601515,0.35915,-0.009785915552627018,0.54347,0.5207381986644517,1e-05,0.07750930493880669,0.26634,0.6620041361740931,1e-05,0.22473660140690352,0.01319,0.1492423852223657,0.19851,0.18728385578513654,0.11868,-0.017922960100549713,0.54485,0.19953065017578314,0.1162,0.021944316392294348,0.45437,0.18515439338110862,0.16464,0.26682216682465687,0.21395,0.05344229951512264,0.38282,0.46700814979835736,0.04977,0.2512637437883334,0.19064,0.8178114613438189,0.00023,1.0191337338090967,0.00168,1.113884151924986,0.00012,-1.130809673625702,0.99975,-0.2747857387121298,0.77257,0.4087514694914898,0.21414141414141413,0.21220847430587533,0.33356643356643356,0.6687450641292711,0.09300699300699301,0.4076185975643258,0.21857031857031858,-0.353950834648416,0.7506604506604506,0.3763145929783242,0.23356643356643356,0.5263671463636012,0.2002164502164502,-0.5751027815533499,0.8664335664335664,765.0,48.68414508197117,47.419270584487975,46.171332976329204,0.0,11.65134357770581,0.2957234832469213,52.92257992514324,0.3436717345859065,0.35481574213263967,0.3383838383838384,0.4671184528581422,0.47012898551695276,0.3434343434343434
microsoft/deberta-base,1.0639529735097248,0.00036,-0.09617176807633201,0.5428571428571428,-0.2637691372390224,0.695959595959596,-1.1296391003498645,0.9911421911421912,-1.6643684424711869,0.9999222999223,0.6494012430910706,0.09844599844599844,0.3676522239559194,0.22797202797202798,1.6845334646939634,0.0001554001554001554,1.9121538372102416,7.77000777000777e-05,1.917022514634998,7.77000777000777e-05,1.1244270291837626,0.009246309246309247,0.659392454272463,0.10007770007770007,0.30149113901151475,0.00987,0.19765174345336872,0.1584,0.6672838390851394,5e-05,0.08866463838506307,0.31024,0.8356210776712852,1e-05,0.803233564678848,1e-05,-0.3681299429066393,0.99999,-0.29285968962891135,0.99804,-0.464187089304967,0.99991,0.5460583582583365,1e-05,-0.2879115213519938,0.99807,0.3608464149228074,0.0205,0.19114622608109205,0.11343,0.8190550554643183,1e-05,0.985491615599319,1e-05,0.6795848567836229,0.00013,0.5547976345296486,0.00154,-1.0461299124819272,0.99958,0.6249451460624346,0.00022,-0.40188665118168804,0.92156,-0.6031492517577862,0.9846,1.3409551456149786,1e-05,0.4601047346796373,0.10541,1.272215339100123,3e-05,1.2386679628805086,3e-05,0.9238729273849432,0.00447,-0.05923564504677999,0.5320901320901321,0.2547197455612452,0.34545454545454546,0.10497888025743178,0.421989121989122,0.247024303133645,0.30233100233100235,-0.4626843352038958,0.7289044289044289,0.34554779472357383,0.2539238539238539,-0.6011385918043783,0.8398268398268398,1.2423419486974885,0.003962703962703963,765.0,50.61346503737808,53.87862153949111,46.687255523732986,0.29450268221861897,33.42605443181259,0.4247536935962728,20.056276288409443,2.114445018647897,2.040438831153542,0.6363636363636364,1.8221598056831745,1.6992367099631915,0.7752525252525253
google/electra-small-discriminator,0.8423121657602798,0.00927,-0.4960020003830799,0.6714285714285714,0.7110252521163976,0.07987567987567988,1.663437899659904,7.77000777000777e-05,1.2853441703597601,0.002097902097902098,0.5291151875240165,0.17233877233877234,-0.971812866809261,0.975058275058275,-0.7550483275651542,0.9337995337995338,-1.633059975592232,1.0,-1.7982248696436924,1.0,-1.374874737847353,0.9991452991452991,-1.1956857554678884,0.9941724941724942,-1.0767086513811308,1.0,0.04641463787202799,0.40612,0.1760870006886817,0.16014,-0.007352647227323204,0.51638,0.033045098668866235,0.33226,0.008509778661646936,0.45769,0.6991915975206077,1e-05,-0.479435878827134,1.0,0.8025635848957428,1e-05,0.5478388489968921,1e-05,-0.17796704869847002,0.96017,0.1541075863198341,0.19553,-0.05124642167702507,0.62571,0.5781941884537841,0.00022,-0.09658996545044422,0.71707,0.45837935694917986,0.0074,-0.34075616838927103,0.96505,0.9684036461934908,0.00136,-0.1797951423250803,0.84567,0.417040197614238,0.07147,0.22411386693632473,0.21472,-0.5725834326329483,0.98988,0.36990248256195424,0.15949,-1.3651748058377584,1.0,0.5507450113868367,0.0613,0.5399924000650704,0.07058,1.1738105413434625,0.00574980574980575,-0.06935291731369243,0.5533022533022534,1.1589314985375407,0.0018648018648018648,-0.1827551455409061,0.6336441336441336,1.0953694747926113,0.0108003108003108,0.7295762042584519,0.07552447552447553,0.45594558792521217,0.21861471861471862,0.04677617870744861,0.4647241647241647,765.0,52.80454320236929,52.83883588231415,49.80647456252741,0.0,58.84835420702703,0.4993716296454238,2.4298399055290503,0.3793896573661554,0.35235280287687226,0.5429292929292929,0.5156780406080111,0.42585783745303296,0.7171717171717171
google/electra-base-discriminator,1.3956877818852302,2e-05,-0.20950198765747344,0.6428571428571429,0.7535124381173378,0.0675990675990676,1.5186062979415178,0.0004662004662004662,1.7687819761988677,7.77000777000777e-05,-0.20474442459444112,0.6526806526806527,0.7921368974319135,0.05788655788655789,0.23430775774985982,0.3292929292929293,0.22620021885116406,0.33364413364413364,0.5014472775762198,0.17536907536907537,-0.6893675138944517,0.9109557109557109,0.5269980489768042,0.1505050505050505,0.6391191952976406,1e-05,0.09968060116154796,0.30722,-0.01640517152043719,0.53606,0.07620288664472745,0.33421,0.9323486523707876,1e-05,0.6570979523521521,1e-05,-0.07784074184386257,0.81273,-0.06140264806121175,0.72752,-0.2713442315679847,0.98482,-0.3550629574951734,0.99767,0.15018309916473974,0.06696,0.3699927057847107,0.01642,0.24009855723718265,0.06403,0.7145104808447739,2e-05,-0.08412098867320299,0.69175,-0.014942423861120322,0.53021,0.07695217570984302,0.3445,-0.32817781375027416,0.83471,-0.03437586341112987,0.57486,0.05591103693864162,0.42146,0.7526861242964098,0.00351,0.8153961109290729,0.00039,0.32471298050801606,0.19223,1.4370521471293909,1e-05,0.9413193748576021,0.00284,0.22109809325240776,0.28004,-0.7698574715322443,0.9369075369075369,0.048969639015103206,0.46223776223776225,0.23929913220002744,0.31934731934731936,-0.2097876735991974,0.6581196581196581,0.471843619352171,0.1777000777000777,0.29706904028734876,0.2801864801864802,0.2881951451238509,0.3008658008658009,-0.3004004363621364,0.7158508158508159,765.0,53.421807258763785,50.02167960863613,53.39864398128369,0.0,15.030946065428836,0.5867280810117776,12.86768798049183,0.579664143724273,0.4360161175706772,0.7196969696969697,0.6935675094525019,0.4758951012609583,0.7525252525252525
google/electra-large-discriminator,-0.012848659608015617,0.50323,-0.7362109543578929,0.8,1.1127517155893154,0.010644910644910644,1.437976568583397,0.0009324009324009324,1.7335833285944282,7.77000777000777e-05,-1.6490721291616246,1.0,0.7144387875088188,0.07925407925407925,0.9534039669592697,0.02773892773892774,1.604216006583059,7.77000777000777e-05,1.7891877929563063,7.77000777000777e-05,-1.5483399755187888,0.9997668997668998,0.8516621470863389,0.04537684537684538,0.330450546035447,0.00362,0.2463450368723473,0.10407,-0.3085641520488446,0.95612,0.21460055167502073,0.1146,0.10261399462141867,0.08661,-0.1221715823566399,0.94328,-0.06662080728961092,0.76401,-0.5924827584553559,1.0,0.00932226354769726,0.48643,-0.018202791691475213,0.54542,-0.7824732983277579,1.0,0.260084737987875,0.07357,0.18163370405605903,0.12676,0.23907663266999984,0.10154,0.22793928062906388,0.11272,-0.10701883284421929,0.72249,-0.0977400230582002,0.68336,0.2267703731291712,0.37617,0.3470177199380231,0.01444,0.0647340813604479,0.44126,-0.2867209438726161,0.81594,-0.11817593186992124,0.72924,0.6143918668804113,0.02537,0.2519633881943134,0.34036,0.10496274784673282,0.38707,-0.3789794274278032,0.8031,0.8398027191256267,0.04832944832944833,-0.1982983013404155,0.6476301476301476,0.2122107863998613,0.3341103341103341,0.17968706952508243,0.34506604506604505,0.6793546782867131,0.09191919191919191,-0.09354430902157027,0.57000777000777,-0.5958584678671717,0.9632034632034632,0.5320811069479966,0.15765345765345765,765.0,42.205393881480845,42.55763881850838,35.923238180018906,0.0,45.62856012991056,0.5662347366570124,9.681370091015001,0.7897888707994211,0.5164226744361599,0.73989898989899,0.8153819876036259,0.5832222919873516,0.6464646464646465
microsoft/deberta-large,0.7469274484376919,0.01901,0.08765945760399842,0.4714285714285714,-1.389618693809471,0.9999222999223,-1.8629236704724612,1.0,-1.8779740939347898,1.0,-0.1981553328787886,0.6484848484848484,0.9406514027549705,0.04048174048174048,-1.1740577906268939,0.9954933954933954,-0.7761080017895994,0.9391608391608391,-0.8060948907100948,0.9441336441336441,0.04621422435509098,0.46526806526806525,0.5137757512133312,0.18624708624708625,0.26571673336921325,0.01891,0.6396023378262106,0.00049,0.1327412431391642,0.22611,-0.10435876025938733,0.72073,1.1252453857221898,1e-05,1.0384463717567456,1e-05,0.010749164595464693,0.45487,-0.022949855756383523,0.59006,-0.5316130206550831,0.99998,0.18926909868510763,0.06441,0.1144890236174815,0.12987,-0.10123880067292856,0.71494,-0.016423708143450306,0.54376,0.11073076555250583,0.25508,0.23816783975490044,0.0774,0.9124216912053837,1e-05,0.34119914061338513,0.03534,-0.05119584300297117,0.55997,0.5679828076814669,0.00052,0.17528394916452708,0.26981,-0.10845321610125266,0.64628,0.3227370730135756,0.09963,0.10433831755576133,0.38827,0.4930162647378624,0.08177,1.333194283418411,2e-05,1.1357233199804235,0.00061,0.4438140792251806,0.20637140637140639,-0.05604988579344547,0.543978243978244,-0.394671257112101,0.7692307692307693,0.6456529823177009,0.10606060606060606,1.1977060815082152,0.006526806526806527,0.6893422052355321,0.08756798756798757,0.279948725810053,0.34523809523809523,1.2344792414363852,0.001554001554001554,765.0,46.28795037490689,55.33609112304764,41.348015952914686,0.6340487573322466,46.919608042586376,0.7675620304370163,35.08870889838717,2.434810330470403,2.1925822193875457,0.6717171717171717,2.596973467053789,2.2734586879460497,0.73989898989899
microsoft/deberta-xlarge,0.27016360211153834,0.2363,0.8920086811080981,0.11428571428571428,-0.47805757475578237,0.8246309246309246,-1.3526813465523186,0.9984459984459985,-1.0751775740243938,0.9907536907536908,0.4750942706387096,0.19028749028749029,0.8293801345571735,0.061926961926961926,-1.1821234900539737,0.9934731934731935,-1.7255123521816795,1.0,-1.7277799986210831,1.0,-1.1669422546642647,0.9928515928515929,0.929735662590843,0.03667443667443668,0.23326748592721758,0.03539,0.5256996063532702,0.00348,0.2296514219380735,0.09873,-0.23371205074320853,0.90713,0.7592739949001147,1e-05,0.988574737656048,1e-05,-0.0212805954289171,0.59478,-0.1923729719690194,0.97166,-0.3336529671715294,0.99614,-0.3796026742751499,0.99886,-0.10288225976202013,0.84402,-0.09787778480779732,0.70805,0.08451104150737734,0.29763,0.77080158852237,2e-05,0.09121532148371297,0.29002,1.0841992026746778,1e-05,-0.0066646436061241435,0.51494,-0.5222986272991909,0.94136,-0.035961293959182516,0.5804,0.6702181902482991,0.00788,0.3213164048877578,0.12851,-0.7726863799018794,0.9993,-1.177060333647099,0.99972,-0.5435116572886387,0.93549,1.2489811646383253,9e-05,1.2056071569513036,4e-05,-0.08144093159817799,0.5678321678321678,-0.6329682148334028,0.8873348873348873,0.09237538614520989,0.4320901320901321,0.3483783539617549,0.24366744366744367,0.7441210025661562,0.0686091686091686,0.6259112997908881,0.10023310023310024,0.5033774621854723,0.20887445887445888,1.1078910316288242,0.01522921522921523,765.0,49.416684040597076,50.62279588366545,48.80115389249948,1.0157178259836361,58.06520238539793,0.236414494442738,64.98352157327145,2.28148944367363,1.992344744503498,0.6616161616161617,2.460992752000539,2.133533038424723,0.7373737373737373
microsoft/mpnet-base,1.3252522521529861,8e-05,0.20447888711349194,0.38571428571428573,0.1798582789261019,0.3617715617715618,0.665682692878003,0.09735819735819735,0.49259373999391665,0.17195027195027196,0.4995942729314537,0.1655011655011655,1.32675767237768,0.00101010101010101,0.31573018127389274,0.26954156954156955,-1.366430312258187,0.9993783993783993,-1.1244590911100456,0.9916860916860917,-0.27117764264583694,0.694017094017094,1.3611014990963477,0.0016317016317016317,0.2771139603753447,0.01614,0.2550226887001306,0.09748,-0.042758501754334106,0.59311,-0.07866833393974529,0.67147,0.5857981329622108,1e-05,0.6028590834936703,1e-05,0.3854807126678326,4e-05,-0.20847156568945524,0.98051,0.11431963822707436,0.17931,0.3920279890981556,0.00095,0.24568659682586694,0.00786,0.10069247193792888,0.2838,0.19202450800012763,0.11338,0.060685642531627504,0.35578,0.4685145690954606,0.0021,0.4906349147244339,0.00395,-0.002100095960141285,0.50525,-0.3109119911785588,0.82038,-0.15386674593810284,0.80689,0.13671863247473667,0.31431,0.8696265373409031,0.00063,-1.3415936994185669,1.0,0.7394481132027839,0.01939,-1.1623671083660405,0.99964,-1.1592030361649903,0.99964,0.6746273177018497,0.02778,-1.3284010656118703,0.9990675990675991,0.14839932350000457,0.38733488733488736,-0.36751444492404317,0.7662004662004662,0.6284729527383893,0.10031080031080031,0.40328022677193104,0.21522921522921523,-0.5936106276103178,0.878943278943279,1.0541502031287848,0.0367965367965368,-0.9250653081851687,0.9706293706293706,765.0,90.76718651718652,64.347133381916,64.72220788392008,0.0,25.543346284604176,0.7150549843883471,29.422894791023673,0.38028584744292077,0.36636236580935394,0.5909090909090909,0.39505994888116613,0.4045948445270158,0.45202020202020204
google/mobilebert-uncased,-0.14979077322778908,0.65384,0.6037396649811095,0.21428571428571427,0.12148980451667031,0.4031857031857032,-1.0172933104784205,0.9816627816627816,-1.0148557599550727,0.9815073815073815,-0.975222796565128,0.9764568764568765,0.3479313185618013,0.2505827505827506,0.12221302018518933,0.403030303030303,-0.9880533604014826,0.9780885780885781,-0.26930342304603805,0.7118881118881119,-1.132799339669916,0.993006993006993,0.29872780337718813,0.2815073815073815,-0.5640118083487471,0.99999,-0.034161282702142255,0.57028,0.12351568819455352,0.24445,0.12266134614918883,0.24485,0.3088285502745566,2e-05,0.5567352907904344,1e-05,-0.3519415779757834,0.99997,0.6063798276696386,1e-05,-0.23203298834614422,0.96886,-0.23216261162253415,0.96909,0.6063263315051749,1e-05,0.12369542959329884,0.24552,0.11309528517264929,0.23713,0.16904094439362746,0.15679,0.2886951943698495,0.0412,-0.2205790636072144,0.87738,0.18073394680637486,0.17108,0.3105181718944955,0.17957,-0.13363065413997935,0.77226,0.6986452587528503,0.00613,-0.8201088287897058,0.99844,-0.00944670188300044,0.5134,0.26260498378395114,0.24065,0.9978277913346848,0.00156,0.999135381411586,0.00159,0.26481200222765394,0.23719,-0.3588792389537405,0.7560994560994561,-0.5458347517593239,0.843978243978244,1.1228282376359702,0.009712509712509712,1.1240646813814328,0.009557109557109558,0.6288837237494919,0.10613830613830613,0.6294444368301486,0.10621600621600621,0.06740351383085103,0.45454545454545453,-0.5219830306408443,0.8190365190365191,765.0,84.86272913881609,61.07909288778853,66.05868796201246,0.0,39.149592242463584,0.78827379887238,37.20374199957548,242300.30772816052,229466.81592536694,0.5126262626262627,246093.84230241872,224148.74649910975,0.5227272727272727
squeezebert/squeezebert-uncased,0.8539510799936808,0.00832,-0.8674272834098287,0.8857142857142857,0.7637959419806417,0.06565656565656566,1.3326709145874542,0.0006216006216006216,0.9523327354806214,0.026495726495726495,1.111550299409064,0.010567210567210567,0.8686339827570111,0.041336441336441335,0.09753765723845888,0.4271950271950272,-0.25206633300630144,0.6794871794871795,0.36118652311977634,0.2564102564102564,-0.45787500754653815,0.8117327117327118,-0.7332822080863214,0.9266511266511267,0.7591047672176292,1e-05,0.1293645639062701,0.2562,0.27725848912026646,0.05957,-0.0911444727989201,0.69551,0.9387744057207342,1e-05,1.0762554188886602,1e-05,0.3670090265799701,2e-05,0.043693017158020375,0.3335,0.24747961826928544,0.02322,0.5905998264938432,1e-05,0.08285768346241092,0.20881,0.817855500033513,1e-05,0.1351706342748993,0.19735,-0.24547178764334354,0.92957,1.0168601144615739,1e-05,-0.14463880301096055,0.77747,0.8911846608215176,1e-05,0.059622263003465195,0.43088,1.137281270910084,1e-05,0.6069994364237316,0.01524,1.2693035517805942,1e-05,0.9034694073321334,5e-05,-0.3896741857454626,0.84997,0.9361289729049006,0.00292,0.7640209196307658,0.01414,-0.25274446672966033,0.75011,0.9823039940292939,0.020512820512820513,0.7606965517133449,0.06643356643356643,-0.8176945396697238,0.9487179487179487,1.0251447316216162,0.017715617715617717,-0.32110656842334107,0.7292929292929293,1.0750113987652758,0.011888111888111888,0.332448129987471,0.288961038961039,1.2782284933443255,0.0034965034965034965,765.0,83.86234747539095,59.66727250205512,67.64794416125818,0.0,39.92502953999103,0.8297072044497895,41.264282849173,0.45316411535998785,0.47610253050471796,0.3409090909090909,0.48413156902398724,0.5190047069330408,0.2777777777777778
bert-large-uncased,0.08521152745919953,0.41355,0.05568806441295493,0.4857142857142857,-1.1190394442198177,0.9893550893550893,-1.719238329965895,1.0,-1.7640164532907028,1.0,1.4027203467804135,0.00101010101010101,0.04884745552038069,0.46386946386946387,1.376436542475647,0.0014763014763014763,1.7661318265280022,7.77000777000777e-05,1.8319037640796625,7.77000777000777e-05,0.9849580117875977,0.022843822843822845,0.25219353412463125,0.3356643356643357,-0.21853011233418962,0.95534,0.9528379877078536,1e-05,0.2546493748721385,0.07565,0.0870483669979519,0.31099,1.2801360285223853,1e-05,1.0020396420785653,1e-05,0.41991347238762367,1e-05,-0.37455682951572167,0.99992,0.41487339003478496,0.00034,0.8898196130883036,1e-05,-0.3454272706417772,0.99968,0.36949788821972346,0.01788,-0.014884668095169744,0.53409,0.4179532033689647,0.00568,0.22099656083360908,0.09357,-0.2585151032669533,0.9144,0.7101220732896788,5e-05,0.4354015542892855,0.09757,0.5344904089756679,0.0012,1.2852448427287584,1e-05,-0.26552634272673253,0.82192,0.016919361772262033,0.47307,-0.36987413034724453,0.83902,-0.20914972634894655,0.7195,-0.4098832944044885,0.87413,-0.07043677199874059,0.57557,0.5805818308779751,0.1320901320901321,-0.1805838000356433,0.6365190365190365,1.408247366019503,0.001320901320901321,0.5641795167292787,0.13613053613053613,1.309684468662568,0.002097902097902098,0.21666450190669873,0.3384615384615385,-0.19741964736597262,0.6515151515151515,1.2399062192027706,0.00404040404040404,765.0,86.8083459213894,63.14277220364177,63.990299604994284,0.0,42.71385063559322,0.8337161410705924,41.64618679488947,1.6088453552337607,1.6059074002986002,0.48737373737373735,1.6574846182507699,1.7009063137300087,0.45707070707070707
roberta-large,-0.22066973642185517,0.72092,0.6971055077802215,0.24285714285714285,-0.7579187316885998,0.9322455322455322,-1.530954467120565,0.9999222999223,-1.8139076330253117,1.0,0.7149874914404455,0.08041958041958042,0.971467823510267,0.023076923076923078,1.3488005057617138,0.0005439005439005439,1.8396817622729338,7.77000777000777e-05,1.8150064396663297,7.77000777000777e-05,0.9818689017095737,0.021756021756021756,1.029521021433417,0.0108003108003108,-0.09059114356955719,0.75566,0.2731530939426476,0.08293,0.5891819489545331,0.00042,0.5442204495393312,0.001,1.57336834824201,1e-05,1.0959936471210854,1e-05,0.8696271659960988,1e-05,-0.020809371056204933,0.57799,0.9435782967684997,1e-05,0.7679577296630227,1e-05,0.06083449236285983,0.27242,0.8488564758615038,1e-05,0.17019025889677306,0.14069,-0.23658507867726977,0.92017,0.8998933698750327,1e-05,0.5104472795310354,0.00309,1.1017788113558606,1e-05,-0.061098404392572706,0.57297,0.7173400193587561,1e-05,0.9721600693584785,0.00023,0.45619836729431834,0.05378,0.648329599595465,0.00379,-0.33349050576857836,0.81473,0.8119271681152668,0.00805,1.0714431165934764,0.00086,1.2555831760208425,0.00018,-1.0851771374233616,0.9879564879564879,-0.053781307446954404,0.53993783993784,-0.2161198734473058,0.6601398601398601,0.2785772675650744,0.29564879564879565,0.5746512945130519,0.13372183372183372,0.36581817282301354,0.23644133644133644,0.2655784783750278,0.3398268398268398,1.1483459792616915,0.008391608391608392,765.0,75.81619483576004,56.87202700680962,65.39597606646238,2.788963460104405,21.196122296793433,2.2985680306002294,24.764055575488356,0.784196614391274,0.7338695980683722,0.7474747474747475,0.838505492818476,0.7899585292495862,0.6944444444444444
albert-base-v2,1.5555089035477945,1e-05,0.4611871275457996,0.3,1.4405412491578233,0.0006216006216006216,1.8391614057238879,7.77000777000777e-05,1.8486806898307953,7.77000777000777e-05,0.05994157888209577,0.45345765345765343,0.8094620443187632,0.04809634809634809,-0.03769113975275718,0.5292152292152292,1.1675466321030425,0.006216006216006216,1.2565824810690844,0.0029526029526029526,0.2995962554370937,0.2801087801087801,0.9211348727674143,0.021134421134421134,-0.013731669194248222,0.54375,0.4095080057366836,0.01786,0.01368255515839116,0.46934,-0.1877498968145721,0.85352,0.8535437309012475,1e-05,0.9176820503228191,1e-05,1.1318808604679522,1e-05,-0.2519423509975701,0.99315,0.9557915015530589,1e-05,1.0411682681788479,1e-05,0.0578052987857051,0.28563,0.6367611276760523,0.0001,0.15068117821364063,0.171,0.48724101249875046,0.00137,0.9559418893887921,1e-05,0.6831584457449037,9e-05,0.8232830165611553,2e-05,0.24273675107837805,0.23728,0.9409849549691082,1e-05,0.49466714540681517,0.04096,-0.05966236882896134,0.58071,1.6291573891046898,1e-05,0.6216022704071437,0.04422,1.4557357886473676,1e-05,-1.2832693274447031,0.99995,-0.6222989625456532,0.95603,1.4846327068627934,0.0005439005439005439,0.6091766923652926,0.11647241647241648,1.0841604049125686,0.01048951048951049,1.117443153691014,0.009945609945609946,0.17459857994043526,0.2933954933954934,0.7571207546115274,0.06705516705516705,-0.5781459709326605,0.803030303030303,-0.6156933307131752,0.8843045843045843,765.0,90.72670517887909,63.576543585239236,66.09160383475503,0.0,37.6254517066261,0.7642288908553336,34.74249552218319,2.0308114488919577,1.9441164674782994,0.7651515151515151,2.2232155116519543,2.109606378909313,0.7676767676767676
xlm-roberta-large,0.6753082928309541,0.03133,-0.5718516035598298,0.7857142857142857,-1.5738104623252045,1.0,-1.604290407075093,1.0,-1.7188213699463728,1.0,-1.3516586717677674,0.9978243978243978,0.237117717123428,0.3230769230769231,-1.6987211629903038,1.0,-1.6492719681289438,0.9998445998445998,-1.8213190369298504,1.0,-0.6615647288197204,0.9029526029526029,0.2542165940756685,0.3094017094017094,0.2869571811102802,0.01241,-0.17871749689232763,0.81746,0.044301306165497115,0.40134,-0.013660195099044932,0.53029,0.24893276597561267,0.00048,0.20158147564380835,0.00485,0.3481243255848592,7e-05,0.44444615172189567,2e-05,0.09014545953876982,0.2354,-0.052022127690798524,0.65892,0.17255496903698195,0.04372,0.014385516435543696,0.46704,-0.02693268623843849,0.56584,0.03908060876683473,0.40919,0.46799301417179073,0.00266,0.5861705175712812,0.00089,0.5651773833605065,0.00097,0.7724396050370699,0.00984,-0.09912328168037336,0.71061,-0.019994197070401783,0.52706,0.02487368625745939,0.46447,1.0950510172703731,2e-05,0.8091386621571351,0.01191,0.7898994524832151,0.012,0.8339931026527301,0.00792,0.459336848833381,0.10793,-0.159514143588209,0.6201243201243202,0.6073081629386806,0.11895881895881896,-0.4886165495478585,0.8281274281274281,0.06872159674413936,0.4501942501942502,-0.7049198865359052,0.9167832167832168,-0.1890230270394715,0.6417249417249418,1.4135281719597756,0.006493506493506494,0.007069777638038014,0.49518259518259516,765.0,84.53710701536788,54.981845047062436,76.11409165781794,0.0,22.109477307591582,0.2915230448229247,53.84401746182368,0.3638718703931028,0.35434036190160595,0.5202020202020202,0.3714243204831475,0.3667323350755855,0.49242424242424243
bert-base-uncased,1.087708434311141,0.00079,0.08624970560369816,0.45714285714285713,1.626583025766405,7.77000777000777e-05,1.6693546902348735,7.77000777000777e-05,1.4060839481205396,0.0010878010878010878,0.9778737389468625,0.02268842268842269,0.5360935481111143,0.1564102564102564,1.2681851480872866,0.0021756021756021756,0.23016298045448164,0.3276612276612277,-0.09004323942090056,0.57000777000777,1.2356381409492203,0.00404040404040404,0.34964292353588383,0.2815073815073815,-0.07864456469821086,0.7292,0.6900626258777833,0.00018,0.23144703154034282,0.09545,0.23301217382044517,0.09326,1.2392504655773728,1e-05,0.8175285471068825,1e-05,0.777706252000155,1e-05,0.4687662383859544,1e-05,0.900673584164783,1e-05,0.8870003545035299,1e-05,0.5386237971238579,1e-05,0.9314715895011562,1e-05,0.0895262553945366,0.28827,-0.12399892854355941,0.7682,0.9366216470191641,1e-05,0.7827080102577099,2e-05,0.8583623392202985,1e-05,-0.27392988949153724,0.79355,0.4500469936249083,0.00511,0.6168372414653146,0.01437,-0.9546581890067619,0.99975,1.266428659888,1e-05,-0.49115058980886445,0.90807,1.435113864665911,1e-05,0.27139211292317456,0.22604,-0.2885686650019347,0.78002,0.611251610091818,0.11561771561771562,0.061909112184275285,0.4523698523698524,-0.39279698756482384,0.7698523698523698,0.48861051380532966,0.16845376845376844,-0.8410615345318349,0.9537684537684538,0.32606160707094406,0.26324786324786326,-0.1668036622964849,0.6028138528138528,0.5398798537203078,0.15633255633255633,765.0,85.96879714488409,63.93016259103215,62.01761070521017,0.0,34.67710619952926,0.7991102269854622,38.2866890018899,2.2151499834626613,2.080235177218312,0.7272727272727273,2.137931624747286,2.151253828496644,0.5075757575757576
roberta-base,0.9074311601022133,0.00444,-0.19903625828752827,0.6857142857142857,1.279423077625763,0.003341103341103341,-0.515683310726161,0.8421911421911422,0.8672612182670332,0.041181041181041184,1.662198008495341,7.77000777000777e-05,0.9105809225670087,0.05998445998445998,0.93262596986356,0.032167832167832165,1.4561827475769373,0.0004662004662004662,0.9809166176040737,0.023310023310023312,1.1627360082164857,0.002797202797202797,0.8782484818229239,0.06425796425796426,0.3945050929565306,0.00119,0.15868166856735288,0.21048,0.23712187024340997,0.09228,0.16061356144536262,0.18299,1.0312452308381648,1e-05,1.1124197075690925,1e-05,-0.11386587092316378,0.90178,-0.0026128652494610497,0.50744,-0.3145765388583706,0.99424,0.7803836572317027,1e-05,0.38622110054207553,2e-05,0.9222469468984507,1e-05,0.20759924533779348,0.09638,0.9788209836329226,1e-05,1.4596462604406293,1e-05,0.8103074245937841,1e-05,1.2608025604523103,1e-05,-1.0163997030903753,0.99929,0.6042499966486435,0.00034,-0.0807983299492564,0.61023,-0.364520445589238,0.90013,1.2405758074825657,1e-05,0.971247779735867,0.00331,1.283480329610443,5e-05,1.3567914677839126,4e-05,0.9698939665800099,0.0033,-0.6073790858654177,0.8687645687645688,-0.510648682332222,0.8315462315462315,-0.08911443741571967,0.5877233877233877,0.18438450049187502,0.3226884226884227,0.2864280943684186,0.2834498834498835,0.3929013945814246,0.22424242424242424,-0.12185716879350912,0.5725108225108225,1.065668521197978,0.014840714840714841,765.0,71.74998013258883,53.6574637922464,66.50152104400199,2.261407181781756,24.592803101876697,0.8270302171434665,10.076880686767439,0.51278093035775,0.5005601290801559,0.5757575757575758,0.5248606506020131,0.526339506786881,0.5
albert-xxlarge-v2,0.45889639355347106,0.10755,0.3153831185173782,0.37142857142857144,-0.11250953203982778,0.5856254856254857,-1.0491169391851418,0.9833721833721834,-1.7374886721462481,1.0,-1.7200820593176196,1.0,0.5903898217124194,0.12284382284382285,0.47582939181216205,0.1749028749028749,1.1405682867814873,0.00777000777000777,1.740338630773914,7.77000777000777e-05,1.0614460296393242,0.011888111888111888,-0.7190519610454977,0.924009324009324,0.0035143040600590977,0.49014,0.49250569282130785,0.00559,-0.15159776719338175,0.80059,-0.03291011165075038,0.57332,1.096936815030309,1e-05,0.8315984110639196,1e-05,0.6860793257863654,1e-05,0.14851204185058187,0.07028,0.5203271893342614,1e-05,0.03526023944485554,0.39131,-0.2780828650247112,0.99687,0.2911205864762617,0.05022,0.3839192317346313,0.00812,0.43005862526165733,0.00489,0.7242766634803767,2e-05,0.0215147751523,0.45521,0.4736707116585614,0.00584,-0.023917107656180436,0.52667,0.061714809871706806,0.36473,-0.04112328258665299,0.55692,0.057201757606177454,0.42166,-0.3098037290641702,0.89057,0.5440840899189426,0.06945,0.08086745613057561,0.41,0.3880415892468652,0.13795,0.4958084663608337,0.08765,0.37962663058873897,0.2299145299145299,-0.1956877875153743,0.6410256410256411,-0.0670295677034266,0.5348096348096348,0.6168688630216086,0.10862470862470862,0.04821605642182986,0.4609168609168609,0.2760200369370661,0.2958041958041958,0.06292925591773643,0.4707792207792208,0.2392040520027335,0.3192696192696193,765.0,95.37263348567697,67.41635079895948,62.15176865753417,0.0,15.603065279922717,0.6653379168786344,23.56035547587807,0.831450768567697,0.7403652432440507,0.6792929292929293,0.9052971527732984,0.8082111126395187,0.6540404040404041
xlm-roberta-base,0.996642208735383,0.00216,-0.38337460299348686,0.6857142857142857,-1.0814191707207366,0.9869463869463869,-1.6256415935526,0.9999222999223,-1.6542582759857556,0.9999222999223,-0.689632348836334,0.9109557109557109,0.29816658188445394,0.28243978243978246,-0.9955039346617784,0.9783216783216783,-1.795228542981544,1.0,-1.8464867683905983,1.0,0.4608771594296299,0.18376068376068377,-0.4093981210142263,0.6135198135198136,0.5911926394021527,1e-05,-0.2614698601859651,0.90717,0.11380515972565702,0.26077,0.1489622582683239,0.20189,0.2429076782582691,0.00058,-0.04891962665919249,0.73411,1.0314199871025642,1e-05,0.8978299127547821,1e-05,0.5208185238532289,1e-05,0.22525624756124246,0.03593,0.43301401970778586,2e-05,0.00629356088713032,0.48532,-0.12479476534721273,0.78582,0.3960561923040961,0.00867,-0.0066059828073458645,0.5158,0.4929445938312792,0.00431,0.47026703473878345,0.00646,0.10352598459327869,0.3819,0.3555957816308059,0.02114,0.1247468383473209,0.33121,-0.15915063108544028,0.70757,1.2125881689664924,1e-05,1.0091311231326796,0.00218,0.799377191925633,0.01133,0.7108462597707276,0.02048,0.7570886259463196,0.01846,-0.5234962460763651,0.8087801087801088,0.3633195638282915,0.2411033411033411,-0.42234489327182556,0.785003885003885,-0.1288993146739569,0.6024087024087024,0.31985557021312117,0.26899766899766897,0.4084257816343039,0.21064491064491064,1.4601942105683086,0.0021645021645021645,1.1878986416914472,0.0056721056721056725,765.0,80.75661826096609,50.35075021596761,80.19011023504913,0.0,6.985632183908052,0.41931296063136614,21.498527833613913,0.23404073369021366,0.22011663301876097,0.7196969696969697,0.24420855988306228,0.2387309108079985,0.5732323232323232
